{
    "accuracy": 0.9834710743801653,
    "sensitivity": 0.9672131147540983,
    "specificity": 1.0,
    "auc": 0.9901639344262295,
    "optimal_threshold": 0.6345134973526001
}