{
    "accuracy": 0.8785046728971962,
    "sensitivity": 0.7727272727272727,
    "specificity": 0.9523809523809523,
    "precision": 0.918918918918919,
    "f1_score": 0.8395061728395061,
    "auc": 0.8697691197691199,
    "confusion_matrix": {
        "tn": 60,
        "fp": 3,
        "fn": 10,
        "tp": 34
    }
}